<?xml version="1.0" encoding="UTF-8"?>
<jcr:root xmlns:sling="http://sling.apache.org/jcr/sling/1.0" xmlns:cq="http://www.day.com/jcr/cq/1.0" xmlns:jcr="http://www.jcp.org/jcr/1.0" xmlns:mix="http://www.jcp.org/jcr/mix/1.0" xmlns:nt="http://www.jcp.org/jcr/nt/1.0"
    jcr:primaryType="cq:Page">
    <jcr:content
        cq:lastModified="{Date}2015-01-15T10:04:21.259Z"
        cq:lastModifiedBy="admin"
        cq:lastReplicated="{Date}2015-01-20T13:26:55.431Z"
        cq:lastReplicatedBy="admin"
        cq:lastReplicationAction="Activate"
        cq:template="/libs/wcm/core/templates/designpage"
        jcr:isCheckedOut="{Boolean}true"
        jcr:mixinTypes="[mix:versionable]"
        jcr:primaryType="cq:PageContent"
        jcr:title="NB Gardens 2.0 Design"
        jcr:uuid="3e0570bb-ad62-4d4b-90c2-42da248bace8"
        sling:resourceType="wcm/core/components/designer">
        <contentpage jcr:primaryType="nt:unstructured">
            <content-par
                jcr:lastModified="{Date}2015-01-15T09:59:19.698Z"
                jcr:lastModifiedBy="admin"
                jcr:primaryType="nt:unstructured"
                sling:resourceType="foundation/components/parsys"
                components="[/libs/foundation/components/text,/libs/foundation/components/textimage]">
                <section jcr:primaryType="nt:unstructured"/>
            </content-par>
            <header jcr:primaryType="nt:unstructured">
                <logo
                    jcr:lastModified="{Date}2015-01-15T10:04:21.257Z"
                    jcr:lastModifiedBy="admin"
                    jcr:primaryType="nt:unstructured"
                    sling:resourceType="foundation/components/logo"
                    imageReference="/content/dam/nbgardens/logo.png"
                    imageRotate="0"
                    maxWidth="165"/>
            </header>
        </contentpage>
    </jcr:content>
    <clientlibs/>
    <clientlibs-all/>
</jcr:root>
