<?xml version="1.0" encoding="UTF-8"?>
<jcr:root xmlns:sling="http://sling.apache.org/jcr/sling/1.0" xmlns:cq="http://www.day.com/jcr/cq/1.0" xmlns:jcr="http://www.jcp.org/jcr/1.0" xmlns:nt="http://www.jcp.org/jcr/nt/1.0"
    jcr:primaryType="sling:OrderedFolder">
    <jcr:content
        cq:lastModified="{Date}2015-01-20T16:37:35.064Z"
        cq:lastModifiedBy="admin"
        cq:lastReplicated="{Date}2015-01-20T13:42:01.936Z"
        cq:lastReplicatedBy="admin"
        cq:lastReplicationAction="Activate"
        jcr:mixinTypes="[cq:ReplicationStatus]"
        jcr:primaryType="nt:unstructured"
        jcr:title="NB Gardens 2"/>
    <_x0031_00000.png/>
    <logo.png/>
    <_x0031_00001.png/>
    <_x0031_00000B.png/>
    <_x0031_00001B.png/>
    <_x0031_00002.png/>
    <_x0031_00002B.png/>
    <_x0031_00003.png/>
    <_x0031_00004B.png/>
    <_x0031_00004.png/>
    <_x0031_00005.png/>
    <_x0031_00003B.png/>
    <_x0031_00007.png/>
    <_x0031_00005B.png/>
    <_x0031_00007B.png/>
    <_x0031_00008.png/>
    <_x0031_00008B.png/>
    <_x0031_00009.png/>
    <_x0031_00020B.png/>
    <_x0031_00009B.png/>
    <_x0031_00020.png/>
    <_x0031_00027.png/>
    <_x0031_00064.png/>
    <_x0031_00042B.png/>
    <_x0031_00042.png/>
    <_x0031_00027B.png/>
    <_x0031_00064B.png/>
    <_x0032_00004.png/>
    <_x0032_00005.png/>
    <WinterBanner.png/>
    <SaleBanner.png/>
    <GeneralBanner.png/>
    <carousel/>
    <_x0031_00018.png/>
    <_x0031_00018B.png/>
    <bg/>
    <logo2.jpg/>
    <logo3.png/>
    <Shovel.png/>
    <SpadeThumb.png/>
    <Spade.png/>
    <ShovelThumb.png/>
    <Coming-Soon.jpg/>
    <Coming-SoonTHUMB.jpg/>
</jcr:root>
