<?xml version="1.0" encoding="UTF-8"?>
<jcr:root xmlns:cq="http://www.day.com/jcr/cq/1.0" xmlns:jcr="http://www.jcp.org/jcr/1.0" xmlns:nt="http://www.jcp.org/jcr/nt/1.0"
    jcr:primaryType="cq:Dialog"
    title="Login"
    xtype="dialog">
    <items jcr:primaryType="cq:WidgetCollection">
        <tabs jcr:primaryType="cq:TabPanel">
            <items jcr:primaryType="cq:WidgetCollection">
                <first
                    jcr:primaryType="nt:unstructured"
                    title="Log In"
                    xtype="panel">
                    <items jcr:primaryType="cq:WidgetCollection">
                        <redirectTo
                            jcr:primaryType="cq:Widget"
                            fieldLabel="Redirect To"
                            name="./redirectTo"
                            xtype="pathfield"/>
                        <redirectTo2
                            jcr:primaryType="cq:Widget"
                            fieldLabel="Redirect To"
                            name="./redirectTo2"
                            xtype="pathfield"/>
                    </items>
                </first>
            </items>
        </tabs>
    </items>
</jcr:root>
