<?xml version="1.0" encoding="UTF-8"?>
<jcr:root xmlns:sling="http://sling.apache.org/jcr/sling/1.0" xmlns:cq="http://www.day.com/jcr/cq/1.0" xmlns:jcr="http://www.jcp.org/jcr/1.0" xmlns:mix="http://www.jcp.org/jcr/mix/1.0" xmlns:nt="http://www.jcp.org/jcr/nt/1.0" xmlns:rep="internal"
    jcr:mixinTypes="[rep:AccessControllable]"
    jcr:primaryType="cq:Page">
    <jcr:content
        cq:allowedTemplates="[/apps/nbgardenswebproject/templates/contentpage,/apps/nbgardenswebproject/templates/mysqlTemplate,/apps/nbgardenswebproject/templates/mysqlTemplate2]"
        cq:cugEnabled="true"
        cq:cugLoginPage="/content/nb-gardens-web-project/login-page.html"
        cq:cugPrincipals="[nb-admin,nb-user]"
        cq:lastModified="{Date}2015-01-05T10:23:39.380Z"
        cq:lastModifiedBy="admin"
        cq:lastReplicated="{Date}2015-01-05T15:51:22.209Z"
        cq:lastReplicatedBy="admin"
        cq:lastReplicationAction="Activate"
        cq:template="/apps/nbgardenswebproject/templates/nbtemplateLogin"
        jcr:isCheckedOut="{Boolean}true"
        jcr:mixinTypes="[mix:versionable]"
        jcr:primaryType="cq:PageContent"
        jcr:title="Login Page"
        jcr:uuid="ff9c0288-803f-41a7-9d44-95467a7e193d"
        sling:resourceType="nbgardenswebproject/components/page/nbtemplateLogin">
        <par
            jcr:primaryType="nt:unstructured"
            sling:resourceType="foundation/components/parsys">
            <login
                jcr:created="{Date}2014-12-31T11:55:03.906Z"
                jcr:createdBy="admin"
                jcr:lastModified="{Date}2014-12-31T11:55:55.474Z"
                jcr:lastModifiedBy="admin"
                jcr:primaryType="nt:unstructured"
                sling:resourceType="foundation/components/login"
                continueLabel="Continue"
                loginLabel="Password"
                passwordLabel="Password"
                sectionLabel="Log in:"
                usernameLabel="Username"/>
        </par>
        <image
            jcr:lastModified="{Date}2015-01-05T10:23:39.372Z"
            jcr:lastModifiedBy="admin"
            jcr:primaryType="nt:unstructured"
            imageRotate="0"/>
    </jcr:content>
    <user-main-page/>
    <admin-main-page/>
    <product-database/>
    <admin-database/>
    <add-product/>
    <rep:policy/>
    <search/>
</jcr:root>
